domain,owner
alexandrebelling,0x30110817a66083d35f5E894162F7c74F0eD4008c
alexandbelling,0x30110817a66083d35f5E894162F7c74F0eD4008c
OlivierBBB,0x2979e2e514c72679Ea36d78AaF3242058674Cf96
zkevm,0x2979e2e514c72679Ea36d78AaF3242058674Cf96
olivier,0x2979e2e514c72679Ea36d78AaF3242058674Cf96
simonhmorris,0xE0013Cf2Ae306Fb2431adaC5256972E5B70D551c
tay,0xd161F7FA342DCefEafDEb0827B83a400F57ad0a4
tayvano,0xd161F7FA342DCefEafDEb0827B83a400F57ad0a4
m0nt0y4,0x4EBee6bA2771C19aDf9AF348985bCf06d3270d42
midwitmilhouse,0x4EBee6bA2771C19aDf9AF348985bCf06d3270d42
spencecoin,0xB94B57A92aB7c6406519A48C0dd1e26FD6D45D88
rojotek,0x97C6342B1e58731Cd951eeF6F5eeBf2A88ff6858
robdawson,0x97C6342B1e58731Cd951eeF6F5eeBf2A88ff6858
yelhousni,0x5E4c4A6AEaDB9558407ca117486cCf4d0DcD76D7
ivokub,0x0c41f1b4FF255B16F2f11a30Cb8c817A6822b648
ikubjas,0x0c41f1b4FF255B16F2f11a30Cb8c817A6822b648
blavergne,0x1B5db5c065d7507DBF65032a1835e4a7B633E67b
ben,0x1B5db5c065d7507DBF65032a1835e4a7B633E67b
lorenzogentile404,0xF448Aa60F5Cad666EFF588E8bb34974096f3a2D3
ian,0x4071484638157875C8E2D74b066135Dd9b12e25b
wallisi,0x4071484638157875C8E2D74b066135Dd9b12e25b
Alex,0x988c9714e507562C262351F1C6bd5Bc652C3fA93
alexgreinacher,0x988c9714e507562C262351F1C6bd5Bc652C3fA93
phosphor,0xf8259ad4fD8DFcCB697D3bA94CED3289519C6040
phosphorxyz,0xf8259ad4fD8DFcCB697D3bA94CED3289519C6040
palm,0xf8259ad4fD8DFcCB697D3bA94CED3289519C6040
palmnetwork,0xf8259ad4fD8DFcCB697D3bA94CED3289519C6040
phosphorlabs,0xf8259ad4fD8DFcCB697D3bA94CED3289519C6040
Publics,0xf8259ad4fD8DFcCB697D3bA94CED3289519C6040
crocs,0xf8259ad4fD8DFcCB697D3bA94CED3289519C6040
kshinn,0x5729cCDcC2574dba65ed6F711529720b43B2dbA9
raggamuffin,0x5729cCDcC2574dba65ed6F711529720b43B2dbA9
MichaelK,0x8a4E4bC3ff084Bb6ad01588E3408643f7517c1BB
saskiastarck,0x33a18017Bdd7E285c0233f124b91e7F4F1565575
sasstarck,0x33a18017Bdd7E285c0233f124b91e7F4F1565575
pabvalles,0xe93506EecDc09D902B27787029b491a3Df79b599
danfinlay,0x55e2780588aa5000F464f700D2676fD0a22Ee160
kumavis,0x55e2780588aa5000F464f700D2676fD0a22Ee160
mobymask,0x55e2780588aa5000F464f700D2676fD0a22Ee160
slumminginsw11,0xe1F2015c983E61c3B8A08CB394719c0C199411B3
cush,0xe1F2015c983E61c3B8A08CB394719c0C199411B3
ohm,0xD81bF63D50893C534EE03b9AF14E04855B7e1018
0xOhm,0xD81bF63D50893C534EE03b9AF14E04855B7e1018
amarachijohnson,0x4C2Ec5CA555936B7760623437B2955de2D0bAfE3
mindofmar,0x87Ae0C7900A599a6E980A576D975b5Ce8a79Ac9c
themindofmar,0x87Ae0C7900A599a6E980A576D975b5Ce8a79Ac9c
martinpeko,0x87Ae0C7900A599a6E980A576D975b5Ce8a79Ac9c
wordsofweb3,0x0E76d3BCbD5A96C9CBdB96E8CE9DBa44384cd3Af
education-dao,0x0E76d3BCbD5A96C9CBdB96E8CE9DBa44384cd3Af
ziadmtl,0x00aE9BE7ad559De1a3D0971956388d769c7Cd0C4
christopher,0x9a77109f9c866fc3c265905fc4bd920827717697
friendo,0x9a77109f9c866fc3c265905fc4bd920827717697
andreolf,0x7020D15dD9AC18dc0701f14aE32AD100efbB8Fd6
lord,0x7020D15dD9AC18dc0701f14aE32AD100efbB8Fd6
blonde,0x7020D15dD9AC18dc0701f14aE32AD100efbB8Fd6
li,0x7020D15dD9AC18dc0701f14aE32AD100efbB8Fd6
kamccy,0xe91c52c510760d15d6ae44cD54ADe861c8434782
kaitlyn,0xe91c52c510760d15d6ae44cD54ADe861c8434782
metamasksupport,0xeCa8A765ebc86C95DDF8F0aAc4838454EA60cbeF
MetaMaskSupport,0xeCa8A765ebc86C95DDF8F0aAc4838454EA60cbeF
metamask-support,0xeCa8A765ebc86C95DDF8F0aAc4838454EA60cbeF
support-metamask,0xeCa8A765ebc86C95DDF8F0aAc4838454EA60cbeF
infurasupport,0xeCa8A765ebc86C95DDF8F0aAc4838454EA60cbeF
infura-support,0xeCa8A765ebc86C95DDF8F0aAc4838454EA60cbeF
support-infura,0xeCa8A765ebc86C95DDF8F0aAc4838454EA60cbeF
supportmetamask,0xeCa8A765ebc86C95DDF8F0aAc4838454EA60cbeF
lineasupport,0xeCa8A765ebc86C95DDF8F0aAc4838454EA60cbeF
supportlinea,0xeCa8A765ebc86C95DDF8F0aAc4838454EA60cbeF
support-linea,0xeCa8A765ebc86C95DDF8F0aAc4838454EA60cbeF
linea-support,0xeCa8A765ebc86C95DDF8F0aAc4838454EA60cbeF
phosphorsupport,0xeCa8A765ebc86C95DDF8F0aAc4838454EA60cbeF
supportphosphor,0xeCa8A765ebc86C95DDF8F0aAc4838454EA60cbeF
support-phosphor,0xeCa8A765ebc86C95DDF8F0aAc4838454EA60cbeF
phosphor-support,0xeCa8A765ebc86C95DDF8F0aAc4838454EA60cbeF
consensyssupport,0xeCa8A765ebc86C95DDF8F0aAc4838454EA60cbeF
supportconsensys,0xeCa8A765ebc86C95DDF8F0aAc4838454EA60cbeF
support-consensys,0xeCa8A765ebc86C95DDF8F0aAc4838454EA60cbeF
consensys-support,0xeCa8A765ebc86C95DDF8F0aAc4838454EA60cbeF
delegator,0xeCa8A765ebc86C95DDF8F0aAc4838454EA60cbeF
gator,0xeCa8A765ebc86C95DDF8F0aAc4838454EA60cbeF
delegatable,0xeCa8A765ebc86C95DDF8F0aAc4838454EA60cbeF
snaps,0xeCa8A765ebc86C95DDF8F0aAc4838454EA60cbeF
wallet,0xeCa8A765ebc86C95DDF8F0aAc4838454EA60cbeF
Foxy,0xeCa8A765ebc86C95DDF8F0aAc4838454EA60cbeF
Linus,0xeCa8A765ebc86C95DDF8F0aAc4838454EA60cbeF
Frogwifcat,0xeCa8A765ebc86C95DDF8F0aAc4838454EA60cbeF
lineaguild,0xeCa8A765ebc86C95DDF8F0aAc4838454EA60cbeF
lineaguildgames,0xeCa8A765ebc86C95DDF8F0aAc4838454EA60cbeF
SheFi,0xeCa8A765ebc86C95DDF8F0aAc4838454EA60cbeF
theMetaMaskCard,0xeCa8A765ebc86C95DDF8F0aAc4838454EA60cbeF
lineavoyage,0xeCa8A765ebc86C95DDF8F0aAc4838454EA60cbeF
lineavoyager,0xeCa8A765ebc86C95DDF8F0aAc4838454EA60cbeF
voyager,0xeCa8A765ebc86C95DDF8F0aAc4838454EA60cbeF
voyage,0xeCa8A765ebc86C95DDF8F0aAc4838454EA60cbeF
defivoyage,0xeCa8A765ebc86C95DDF8F0aAc4838454EA60cbeF
lineapark,0xeCa8A765ebc86C95DDF8F0aAc4838454EA60cbeF
cultureszn,0xeCa8A765ebc86C95DDF8F0aAc4838454EA60cbeF
surge,0xeCa8A765ebc86C95DDF8F0aAc4838454EA60cbeF
guildgames,0xeCa8A765ebc86C95DDF8F0aAc4838454EA60cbeF
lxp,0xeCa8A765ebc86C95DDF8F0aAc4838454EA60cbeF
zkevm,0xeCa8A765ebc86C95DDF8F0aAc4838454EA60cbeF
l2,0xeCa8A765ebc86C95DDF8F0aAc4838454EA60cbeF
layer2,0xeCa8A765ebc86C95DDF8F0aAc4838454EA60cbeF
leia,0xeCa8A765ebc86C95DDF8F0aAc4838454EA60cbeF
ethereum,0xeCa8A765ebc86C95DDF8F0aAc4838454EA60cbeF
lineavoyage,0xeCa8A765ebc86C95DDF8F0aAc4838454EA60cbeF
lineavoyager,0xeCa8A765ebc86C95DDF8F0aAc4838454EA60cbeF
voyager,0xeCa8A765ebc86C95DDF8F0aAc4838454EA60cbeF
defivoyage,0xeCa8A765ebc86C95DDF8F0aAc4838454EA60cbeF
lineapark,0xeCa8A765ebc86C95DDF8F0aAc4838454EA60cbeF
cultureszn,0xeCa8A765ebc86C95DDF8F0aAc4838454EA60cbeF
surge,0xeCa8A765ebc86C95DDF8F0aAc4838454EA60cbeF
guildgames,0xeCa8A765ebc86C95DDF8F0aAc4838454EA60cbeF
lxp,0xeCa8A765ebc86C95DDF8F0aAc4838454EA60cbeF
zkevm,0xeCa8A765ebc86C95DDF8F0aAc4838454EA60cbeF
l2,0xeCa8A765ebc86C95DDF8F0aAc4838454EA60cbeF
layer2,0xeCa8A765ebc86C95DDF8F0aAc4838454EA60cbeF
leia,0xeCa8A765ebc86C95DDF8F0aAc4838454EA60cbeF
ethereum,0xeCa8A765ebc86C95DDF8F0aAc4838454EA60cbeF
lineavoyage,0xeCa8A765ebc86C95DDF8F0aAc4838454EA60cbeF
lineavoyager,0xeCa8A765ebc86C95DDF8F0aAc4838454EA60cbeF
voyager,0xeCa8A765ebc86C95DDF8F0aAc4838454EA60cbeF
defivoyage,0xeCa8A765ebc86C95DDF8F0aAc4838454EA60cbeF
lineapark,0xeCa8A765ebc86C95DDF8F0aAc4838454EA60cbeF
cultureszn,0xeCa8A765ebc86C95DDF8F0aAc4838454EA60cbeF
surge,0xeCa8A765ebc86C95DDF8F0aAc4838454EA60cbeF
guildgames,0xeCa8A765ebc86C95DDF8F0aAc4838454EA60cbeF
lxp,0xeCa8A765ebc86C95DDF8F0aAc4838454EA60cbeF
zkevm,0xeCa8A765ebc86C95DDF8F0aAc4838454EA60cbeF
l2,0xeCa8A765ebc86C95DDF8F0aAc4838454EA60cbeF
layer2,0xeCa8A765ebc86C95DDF8F0aAc4838454EA60cbeF
leia,0xeCa8A765ebc86C95DDF8F0aAc4838454EA60cbeF
ethereum,0xeCa8A765ebc86C95DDF8F0aAc4838454EA60cbeF
WalletGuard,0xeCa8A765ebc86C95DDF8F0aAc4838454EA60cbeF